ScenarioE2ETest_TC_SC_04____________.webm	ScenarioE2ETest_TC_SC_04_次女の誤操作防止__
ScenarioE2ETest_TC_SC_01_________.webm	ScenarioE2ETest_TC_SC_01_お母さんの朝__
ScenarioE2ETest_TC_SC_05_____________.webm	ScenarioE2ETest_TC_SC_05_削除と確認ダイアログ__
ScenarioE2ETest_TC_SC_02__________.webm	ScenarioE2ETest_TC_SC_02_長女の夜の予定__
ScreenTransitionE2ETest_T14___________.webm	ScreenTransitionE2ETest_T14_今日に戻るボタン__
ScreenTransitionE2ETest_T08_______S03_______.webm	ScreenTransitionE2ETest_T08_追加ボタンでS03_モーダル__
ScreenTransitionE2ETest_T03__________S02__.webm	ScreenTransitionE2ETest_T03_名前ボタンタップでS02__
ScreenTransitionE2ETest_T17_______S02_____.webm	ScreenTransitionE2ETest_T17_キャンセルでS02に戻る__
ScreenTransitionE2ETest_T02_LocalStorage___S02__.webm	ScreenTransitionE2ETest_T02_LocalStorageありはS02__
ScreenTransitionE2ETest_T01______S01__.webm	ScreenTransitionE2ETest_T01_初回起動はS01__
